ELW 변동성 추이(틱),,,,,,
API 통신방식,REST,,,,,
메뉴 위치,[국내주식] ELW 시세,,,,,
API 명,ELW 변동성 추이(틱),,,,,
API ID,국내주식-180,,,,,
실전 TR_ID,FHPEW02840400,,,,,
모의 TR_ID,모의투자 미지원,,,,,
기본정보,,,,,,
HTTP Method,GET,,,,,
실전 Domain,https://openapi.koreainvestment.com:9443,,,,,
모의 Domain,미지원,,,,,
URL 명,/uapi/elw/v1/quotations/volatility-trend-tick,,,,,
개요,,,,,,
개요,"ELW 변동성 추이(틱) API입니다.
한국투자 HTS(eFriend Plus) &gt; [0284] ELW 변동성 추이 화면의 ""틱 차트"" 변동성 추이 기능을 API로 개발한 사항으로, 해당 화면을 참고하시면 기능을 이해하기 쉽습니다. ",,,,,
Layout,,,,,,
구분,Element,한글명,Type,Required,Length,Description
Request Header,content-type,컨텐츠타입,string,Y,40,application/json; charset=utf-8
,authorization,접근토큰,string,Y,350,"OAuth 토큰이 필요한 API 경우 발급한 Access token 
일반고객(Access token 유효기간 1일, OAuth 2.0의 Client Credentials Grant 절차를 준용) 
법인(Access token 유효기간 3개월, Refresh token 유효기간 1년, OAuth 2.0의 Authorization Code Grant 절차를 준용)"
,appkey,앱키,string,Y,36,한국투자증권 홈페이지에서 발급받은 appkey (절대 노출되지 않도록 주의해주세요.)
,appsecret,앱시크릿키,string,Y,180,한국투자증권 홈페이지에서 발급받은 appkey (절대 노출되지 않도록 주의해주세요.)
,personalseckey,고객식별키,string,N,180,[법인 필수] 제휴사 회원 관리를 위한 고객식별키
,tr_id,거래ID,string,Y,13,FHPEW02840400
,tr_cont,연속 거래 여부,string,N,1,tr_cont를 이용한 다음조회 불가 API
,custtype,고객 타입,string,Y,1,"B : 법인 
P : 개인"
,seq_no,일련번호,string,N,2,[법인 필수] 001
,mac_address,맥주소,string,N,12,법인고객 혹은 개인고객의 Mac address 값
,phone_number,핸드폰번호,string,N,12,"[법인 필수] 제휴사APP을 사용하는 경우 사용자(회원) 핸드폰번호 
ex) 01011112222 (하이픈 등 구분값 제거)"
,ip_addr,접속 단말 공인 IP,string,N,12,[법인 필수] 사용자(회원)의 IP Address
,gt_uid,Global UID,string,N,32,[법인 전용] 거래고유번호로 사용하므로 거래별로 UNIQUE해야 함
Request Query Parameter,FID_COND_MRKT_DIV_CODE,조건시장분류코드,string,Y,2,W(Unique key)
,FID_INPUT_ISCD,입력종목코드,string,Y,12,ex) 58J297(KBJ297삼성전자콜)
Response Header,content-type,컨텐츠타입,string,Y,40,application/json; charset=utf-8
,tr_id,거래ID,string,Y,13,요청한 tr_id
,tr_cont,연속 거래 여부,string,N,1,tr_cont를 이용한 다음조회 불가 API
,gt_uid,Global UID,string,N,32,[법인 전용] 거래고유번호로 사용하므로 거래별로 UNIQUE해야 함
Response Body,rt_cd,성공 실패 여부,string,Y,1, 
,msg_cd,응답코드,string,Y,8, 
,msg1,응답메세지,string,Y,80, 
,output,응답상세,object array,Y, ,array
,bsop_date,주식영업일자,string,Y,8, 
,stck_cntg_hour,ELW현재가,string,Y,6, 
,elw_prpr,전일대비,string,Y,10, 
,hts_ints_vltl,전일대비부호,string,Y,114, 
Example,,,,,,
Request Example (Python),"FID_COND_MRKT_DIV_CODE:W
FID_INPUT_ISCD:57K281",,,,,
Response Example,"{
    ""output"": [
        {
            ""bsop_date"": ""20240507"",
            ""stck_cntg_hour"": ""150619"",
            ""elw_prpr"": ""25"",
            ""hts_ints_vltl"": ""33.03""
        },
        {
            ""bsop_date"": ""20240507"",
            ""stck_cntg_hour"": ""150032"",
            ""elw_prpr"": ""25"",
            ""hts_ints_vltl"": ""28.44""
        },
        {
            ""bsop_date"": ""20240507"",
            ""stck_cntg_hour"": ""150031"",
            ""elw_prpr"": ""25"",
            ""hts_ints_vltl"": ""28.44""
        },
        {
            ""bsop_date"": ""20240507"",
            ""stck_cntg_hour"": ""145743"",
            ""elw_prpr"": ""25"",
            ""hts_ints_vltl"": ""33.44""
        },
        {
            ""bsop_date"": ""20240507"",
            ""stck_cntg_hour"": ""145743"",
            ""elw_prpr"": ""25"",
            ""hts_ints_vltl"": ""33.44""
        },
        {
            ""bsop_date"": ""20240507"",
            ""stck_cntg_hour"": ""133437"",
            ""elw_prpr"": ""25"",
            ""hts_ints_vltl"": ""32.47""
        },
        {
            ""bsop_date"": ""20240507"",
            ""stck_cntg_hour"": ""133434"",
            ""elw_prpr"": ""25"",
            ""hts_ints_vltl"": ""32.47""
        },
        {
            ""bsop_date"": ""20240507"",
            ""stck_cntg_hour"": ""132342"",
            ""elw_prpr"": ""25"",
            ""hts_ints_vltl"": ""31.60""
        },
        {
            ""bsop_date"": ""20240507"",
            ""stck_cntg_hour"": ""093016"",
            ""elw_prpr"": ""30"",
            ""hts_ints_vltl"": ""28.62""
        },
        {
            ""bsop_date"": ""20240507"",
            ""stck_cntg_hour"": ""092952"",
            ""elw_prpr"": ""25"",
            ""hts_ints_vltl"": ""28.62""
        },
        {
            ""bsop_date"": ""20240507"",
            ""stck_cntg_hour"": ""091704"",
            ""elw_prpr"": ""30"",
            ""hts_ints_vltl"": ""33.03""
        },
        {
            ""bsop_date"": ""20240507"",
            ""stck_cntg_hour"": ""090900"",
            ""elw_prpr"": ""30"",
            ""hts_ints_vltl"": ""33.02""
        },
        {
            ""bsop_date"": ""20240507"",
            ""stck_cntg_hour"": ""090735"",
            ""elw_prpr"": ""30"",
            ""hts_ints_vltl"": ""28.59""
        },
        {
            ""bsop_date"": ""20240507"",
            ""stck_cntg_hour"": ""090712"",
            ""elw_prpr"": ""30"",
            ""hts_ints_vltl"": ""28.59""
        },
        {
            ""bsop_date"": ""20240507"",
            ""stck_cntg_hour"": ""090710"",
            ""elw_prpr"": ""30"",
            ""hts_ints_vltl"": ""28.59""
        },
        {
            ""bsop_date"": ""20240507"",
            ""stck_cntg_hour"": ""090555"",
            ""elw_prpr"": ""30"",
            ""hts_ints_vltl"": ""33.46""
        },
        {
            ""bsop_date"": ""20240507"",
            ""stck_cntg_hour"": ""090553"",
            ""elw_prpr"": ""30"",
            ""hts_ints_vltl"": ""33.46""
        },
        {
            ""bsop_date"": ""20240507"",
            ""stck_cntg_hour"": ""090511"",
            ""elw_prpr"": ""30"",
            ""hts_ints_vltl"": ""33.46""
        },
        {
            ""bsop_date"": ""20240507"",
            ""stck_cntg_hour"": ""090445"",
            ""elw_prpr"": ""30"",
            ""hts_ints_vltl"": ""36.51""
        },
        {
            ""bsop_date"": ""20240507"",
            ""stck_cntg_hour"": ""090445"",
            ""elw_prpr"": ""30"",
            ""hts_ints_vltl"": ""36.51""
        },
        {
            ""bsop_date"": ""20240507"",
            ""stck_cntg_hour"": ""090445"",
            ""elw_prpr"": ""30"",
            ""hts_ints_vltl"": ""36.51""
        },
        {
            ""bsop_date"": ""20240507"",
            ""stck_cntg_hour"": ""090320"",
            ""elw_prpr"": ""35"",
            ""hts_ints_vltl"": ""36.51""
        },
        {
            ""bsop_date"": ""20240507"",
            ""stck_cntg_hour"": ""090030"",
            ""elw_prpr"": ""40"",
            ""hts_ints_vltl"": ""32.97""
        }
    ],
    ""rt_cd"": ""0"",
    ""msg_cd"": ""MCA00000"",
    ""msg1"": ""정상처리 되었습니다.""
}",,,,,